organisation,corpus_n,rrd_n,rrd_ratio,corpus_pct,rrd_pct
5rights_foundation,6,0,0.0,0.36275695284159615,0.0
academy_of_social_sciences,4,0,0.0,0.24183796856106407,0.0
action_for_children,1,0,0.0,0.06045949214026602,0.0
ada_lovelace_institute,3,0,0.0,0.18137847642079807,0.0
alan_turing_institute,2,0,0.0,0.12091898428053204,0.0
all_party_parliamentary_group_schools,1,0,0.0,0.06045949214026602,0.0
ambition_institute,1,1,1.0,0.06045949214026602,0.4291845493562232
arc_institute,1,0,0.0,0.06045949214026602,0.0
ari_association_for_research_innovation,1,0,0.0,0.06045949214026602,0.0
ascl,3,0,0.0,0.18137847642079807,0.0
association_of_directors_of_childrens_services,1,0,0.0,0.06045949214026602,0.0
atkins_realis,1,0,0.0,0.06045949214026602,0.0
barnardos,1,0,0.0,0.06045949214026602,0.0
bbc,15,0,0.0,0.9068923821039904,0.0
becky_allen_substack,4,0,0.0,0.24183796856106407,0.0
belfast_telegraph,19,0,0.0,1.1487303506650544,0.0
bennie_kara_substack,1,0,0.0,0.06045949214026602,0.0
bera,43,9,0.20930232558139536,2.599758162031439,3.862660944206009
bera_journals,21,5,0.23809523809523808,1.2696493349455864,2.1459227467811157
bett_show,1,0,0.0,0.06045949214026602,0.0
beyth_consultancy,1,0,0.0,0.06045949214026602,0.0
big_education,1,0,0.0,0.06045949214026602,0.0
british_academy,11,0,0.0,0.6650544135429262,0.0
cambridge_university_press,1,0,0.0,0.06045949214026602,0.0
cape_collaboration_for_public_engagement,3,0,0.0,0.18137847642079807,0.0
centre_for_economic_performance_lse,1,0,0.0,0.06045949214026602,0.0
centre_for_education_and_youth,3,1,0.3333333333333333,0.18137847642079807,0.4291845493562232
centre_for_mental_health,1,0,0.0,0.06045949214026602,0.0
centre_for_social_justice,1,0,0.0,0.06045949214026602,0.0
centre_for_young_lives,2,0,0.0,0.12091898428053204,0.0
chandler_institute,1,0,0.0,0.06045949214026602,0.0
charities_supporting_teachers_uk,3,0,0.0,0.18137847642079807,0.0
chartered_college_of_teaching,18,5,0.2777777777777778,1.0882708585247884,2.1459227467811157
chartered_institute_of_public_relations,1,0,0.0,0.06045949214026602,0.0
child_poverty_action_group,3,0,0.0,0.18137847642079807,0.0
children_in_wales,1,0,0.0,0.06045949214026602,0.0
children_rights_alliance_england,2,0,0.0,0.12091898428053204,0.0
childrend_participation_in_schools,8,0,0.0,0.48367593712212814,0.0
childrens_commissioner,12,0,0.0,0.7255139056831923,0.0
conversation,40,4,0.1,2.418379685610641,1.7167381974248928
coproduction_collective,2,0,0.0,0.12091898428053204,0.0
council_of_europe,2,0,0.0,0.12091898428053204,0.0
daily_mirror,2,1,0.5,0.12091898428053204,0.4291845493562232
daily_telegraph,2,1,0.5,0.12091898428053204,0.4291845493562232
demos,2,0,0.0,0.12091898428053204,0.0
digital_good_network,1,0,0.0,0.06045949214026602,0.0
digital_poverty_alliance,3,0,0.0,0.18137847642079807,0.0
digital_youth_index,1,0,0.0,0.06045949214026602,0.0
dods_monitoring,3,0,0.0,0.18137847642079807,0.0
doi_via_ucl_proxy,5,0,0.0,0.3022974607013301,0.0
dutch_government,1,0,0.0,0.06045949214026602,0.0
e_estonia,1,0,0.0,0.06045949214026602,0.0
early_years_alliance,2,1,0.5,0.12091898428053204,0.4291845493562232
echild_research_centre,1,0,0.0,0.06045949214026602,0.0
edge_foundation,3,0,0.0,0.18137847642079807,0.0
edsk_think_tank,1,0,0.0,0.06045949214026602,0.0
edtech_digest,1,0,0.0,0.06045949214026602,0.0
edtech_innovation_hub,1,0,0.0,0.06045949214026602,0.0
edtech_strategy_lab,1,0,0.0,0.06045949214026602,0.0
education_appg,1,0,0.0,0.06045949214026602,0.0
education_arxiv,1,0,0.0,0.06045949214026602,0.0
education_scotland,5,0,0.0,0.3022974607013301,0.0
education_support_charity,2,2,1.0,0.12091898428053204,0.8583690987124464
eef,14,3,0.21428571428571427,0.8464328899637243,1.2875536480686696
elsevier,1,0,0.0,0.06045949214026602,0.0
elsevier_researcher_academy,1,0,0.0,0.06045949214026602,0.0
epi,37,8,0.21621621621621623,2.2370012091898426,3.4334763948497855
evening_standard,1,0,0.0,0.06045949214026602,0.0
fairness_foundation,5,0,0.0,0.3022974607013301,0.0
fda_union,1,0,0.0,0.06045949214026602,0.0
fe_news,2,0,0.0,0.12091898428053204,0.0
fe_week,3,1,0.3333333333333333,0.18137847642079807,0.4291845493562232
fed,12,2,0.16666666666666666,0.7255139056831923,0.8583690987124464
fft_ed_datalab,19,2,0.10526315789473684,1.1487303506650544,0.8583690987124464
financial_times,1,0,0.0,0.06045949214026602,0.0
frontiers_journal,1,1,1.0,0.06045949214026602,0.4291845493562232
full_fact,1,0,0.0,0.06045949214026602,0.0
funding_futures,1,0,0.0,0.06045949214026602,0.0
gamayo,1,0,0.0,0.06045949214026602,0.0
guardian,36,3,0.08333333333333333,2.176541717049577,1.2875536480686696
harvard_graduate_school_of_education,5,1,0.2,0.3022974607013301,0.4291845493562232
headmasters_and_headmistresses_conference,1,0,0.0,0.06045949214026602,0.0
hechinger_report,1,0,0.0,0.06045949214026602,0.0
hepi,5,1,0.2,0.3022974607013301,0.4291845493562232
holyrood_magazine,1,0,0.0,0.06045949214026602,0.0
ifg,15,0,0.0,0.9068923821039904,0.0
ifs,15,1,0.06666666666666667,0.9068923821039904,0.4291845493562232
inclusion_in_practice,1,0,0.0,0.06045949214026602,0.0
independent,6,2,0.3333333333333333,0.36275695284159615,0.8583690987124464
inews,5,0,0.0,0.3022974607013301,0.0
innovate_ed,1,0,0.0,0.06045949214026602,0.0
inside_edge_training,1,0,0.0,0.06045949214026602,0.0
internet_matters,2,0,0.0,0.12091898428053204,0.0
ippo,5,0,0.0,0.3022974607013301,0.0
ippr,5,1,0.2,0.3022974607013301,0.4291845493562232
issuu,1,0,0.0,0.06045949214026602,0.0
joseph_rowntree_foundation,6,0,0.0,0.36275695284159615,0.0
jstor,1,0,0.0,0.06045949214026602,0.0
jstor_daily,1,0,0.0,0.06045949214026602,0.0
kings_college_london,2,0,0.0,0.12091898428053204,0.0
kings_fund,1,0,0.0,0.06045949214026602,0.0
labour_list,1,0,0.0,0.06045949214026602,0.0
labour_party,1,0,0.0,0.06045949214026602,0.0
labour_together,1,0,0.0,0.06045949214026602,0.0
leverhulme_trust,1,0,0.0,0.06045949214026602,0.0
liberal_democrats,2,0,0.0,0.12091898428053204,0.0
linkedin,7,0,0.0,0.42321644498186217,0.0
local_ed_2025,1,0,0.0,0.06045949214026602,0.0
local_government_chronicle,1,0,0.0,0.06045949214026602,0.0
local_government_information_unit,2,0,0.0,0.12091898428053204,0.0
london_design_biennale,1,0,0.0,0.06045949214026602,0.0
london_school_of_economics,3,0,0.0,0.18137847642079807,0.0
lucas_education_foundation,1,0,0.0,0.06045949214026602,0.0
magic_breakfast,1,0,0.0,0.06045949214026602,0.0
magicsmoke_substack,1,0,0.0,0.06045949214026602,0.0
manchester_metropolitan_university,3,0,0.0,0.18137847642079807,0.0
mdpi_journals,1,0,0.0,0.06045949214026602,0.0
n8_research_partnership,4,0,0.0,0.24183796856106407,0.0
nasuwt_teachers_union,2,1,0.5,0.12091898428053204,0.4291845493562232
nation_cymru,1,0,0.0,0.06045949214026602,0.0
national_association_head_teachers,2,0,0.0,0.12091898428053204,0.0
national_audit_office,5,1,0.2,0.3022974607013301,0.4291845493562232
national_crime_agency,1,0,0.0,0.06045949214026602,0.0
national_education_policy_center,2,0,0.0,0.12091898428053204,0.0
national_education_union,8,2,0.25,0.48367593712212814,0.8583690987124464
national_institute_of_teaching,3,3,1.0,0.18137847642079807,1.2875536480686696
national_literacy_trust,3,0,0.0,0.18137847642079807,0.0
nesta,4,0,0.0,0.24183796856106407,0.0
new_visions_for_education,1,0,0.0,0.06045949214026602,0.0
nfer,31,18,0.5806451612903226,1.8742442563482467,7.725321888412018
ni_government,30,1,0.03333333333333333,1.8137847642079807,0.4291845493562232
northern_health_science_alliance,1,0,0.0,0.06045949214026602,0.0
nottingham_trent_university,1,0,0.0,0.06045949214026602,0.0
nspcc_learning,1,0,0.0,0.06045949214026602,0.0
nuffield,18,0,0.0,1.0882708585247884,0.0
nursery_world_magazine,2,0,0.0,0.12091898428053204,0.0
ocr_exam_board,1,0,0.0,0.06045949214026602,0.0
oecd,26,5,0.19230769230769232,1.5719467956469164,2.1459227467811157
office_for_national_statistics,1,0,0.0,0.06045949214026602,0.0
ofsted_blog,1,1,1.0,0.06045949214026602,0.4291845493562232
oii_edtech_equity,8,0,0.0,0.48367593712212814,0.0
on_think_tanks,1,0,0.0,0.06045949214026602,0.0
options_2040_project,2,0,0.0,0.12091898428053204,0.0
oriel_square,2,0,0.0,0.12091898428053204,0.0
oxford_school_of_thought,1,0,0.0,0.06045949214026602,0.0
pearson,1,0,0.0,0.06045949214026602,0.0
play_wales,1,0,0.0,0.06045949214026602,0.0
policy_manchester_blog,1,0,0.0,0.06045949214026602,0.0
politics_home,3,3,1.0,0.18137847642079807,1.2875536480686696
queen_mary_university_london,1,0,0.0,0.06045949214026602,0.0
rebecca_allen,1,0,0.0,0.06045949214026602,0.0
repec_econpapers,1,0,0.0,0.06045949214026602,0.0
repec_ideas,1,0,0.0,0.06045949214026602,0.0
research_improvement_for_policy_and_learning,2,0,0.0,0.12091898428053204,0.0
research_on_research_institute,1,0,0.0,0.06045949214026602,0.0
researchgate,3,2,0.6666666666666666,0.18137847642079807,0.8583690987124464
sage_journals,3,0,0.0,0.18137847642079807,0.0
samf_substack,1,0,0.0,0.06045949214026602,0.0
schools_week,180,64,0.35555555555555557,10.882708585247885,27.467811158798284
sciencedirect,1,0,0.0,0.06045949214026602,0.0
scottish_ai,1,0,0.0,0.06045949214026602,0.0
scottish_government,24,0,0.0,1.4510278113663846,0.0
scottish_parliament,1,0,0.0,0.06045949214026602,0.0
shadow_panel_project,1,0,0.0,0.06045949214026602,0.0
sky_news,1,0,0.0,0.06045949214026602,0.0
society_for_research_into_higher_education,2,0,0.0,0.12091898428053204,0.0
staff_college,1,0,0.0,0.06045949214026602,0.0
sustainable_school_leadership,3,0,0.0,0.18137847642079807,0.0
sutton_trust,3,0,0.0,0.18137847642079807,0.0
taylor_and_francis,8,0,0.0,0.48367593712212814,0.0
teach_first,1,1,1.0,0.06045949214026602,0.4291845493562232
teacher_success,1,0,0.0,0.06045949214026602,0.0
teacher_tapp,12,6,0.5,0.7255139056831923,2.575107296137339
teaching_commission,2,2,1.0,0.12091898428053204,0.8583690987124464
tech_uk,1,0,0.0,0.06045949214026602,0.0
techbullion,2,0,0.0,0.12091898428053204,0.0
tes,25,8,0.32,1.5114873035066507,3.4334763948497855
the_difference,2,0,0.0,0.12091898428053204,0.0
the_times,1,0,0.0,0.06045949214026602,0.0
times_literary_supplement,1,0,0.0,0.06045949214026602,0.0
tony_blair_institute,3,0,0.0,0.18137847642079807,0.0
tpea_association,1,0,0.0,0.06045949214026602,0.0
transforming_evidence,2,0,0.0,0.12091898428053204,0.0
transforming_society,3,0,0.0,0.18137847642079807,0.0
twinkl,1,0,0.0,0.06045949214026602,0.0
twitter,2,0,0.0,0.12091898428053204,0.0
ucl,86,7,0.08139534883720931,5.199516324062878,3.004291845493562
uk_civil_service_jobs,1,0,0.0,0.06045949214026602,0.0
uk_government,116,18,0.15517241379310345,7.013301088270858,7.725321888412018
uk_parliament,58,6,0.10344827586206896,3.506650544135429,2.575107296137339
ukri,22,0,0.0,1.3301088270858523,0.0
unesco,2,0,0.0,0.12091898428053204,0.0
unicef,2,0,0.0,0.12091898428053204,0.0
universitas_21,1,0,0.0,0.06045949214026602,0.0
university_of_birmingham,15,0,0.0,0.9068923821039904,0.0
university_of_bristol,1,0,0.0,0.06045949214026602,0.0
university_of_dundee_surveys,1,0,0.0,0.06045949214026602,0.0
university_of_east_anglia,1,0,0.0,0.06045949214026602,0.0
university_of_nottingham,1,0,0.0,0.06045949214026602,0.0
upen,17,0,0.0,1.0278113663845223,0.0
upp_foundation,1,0,0.0,0.06045949214026602,0.0
uwe_bristol_blog,2,0,0.0,0.12091898428053204,0.0
wales_centre_for_public_policy,4,0,0.0,0.24183796856106407,0.0
welsh_government,32,0,0.0,1.9347037484885126,0.0
welsh_parliament,9,0,0.0,0.5441354292623942,0.0
wiley,3,0,0.0,0.18137847642079807,0.0
wired_gov,1,0,0.0,0.06045949214026602,0.0
wonkhe,11,2,0.18181818181818182,0.6650544135429262,0.8583690987124464
working_lives_of_teachers,1,1,1.0,0.06045949214026602,0.4291845493562232
yorkshire_post,1,0,0.0,0.06045949214026602,0.0
youth_endowment_fund,1,0,0.0,0.06045949214026602,0.0
youtube,6,0,0.0,0.36275695284159615,0.0
